1,Alone,International region born.,6.19,https://placekitten.com/666/597,Burger
2,Maintain,Family manager product over.,5.53,https://dummyimage.com/875x974,Burger
3,Of,Office mission arm spend.,48.84,https://picsum.photos/976/48,Dessert
4,Such,Raise shake your operation size finally.,34.77,https://dummyimage.com/506x866,Sushi
5,Range,Head stand six garden land member.,29.88,https://picsum.photos/244/232,Salad
6,Culture,Clear character good indeed during.,9.45,https://placekitten.com/239/963,Salad
7,Month,Thank everyone near foot big well.,37.14,https://placekitten.com/188/15,Salad
8,Learn,Participant first exist happen business her former.,41.51,https://placekitten.com/792/906,Pizza
9,Indicate,Career century one impact could military establish imagine.,44.21,https://picsum.photos/757/746,Salad
10,Can,Military grow imagine body program himself himself former.,37.43,https://dummyimage.com/100x696,Salad
11,Think,Play good fear its from.,19.18,https://placekitten.com/158/1014,Dessert
12,Service,Red son past social.,17.46,https://placekitten.com/610/70,Salad
13,Beautiful,Family discussion property alone.,47.93,https://picsum.photos/159/202,Dessert
14,Cold,Several already site debate source.,9.18,https://placekitten.com/326/775,Salad
15,Open,Enough adult career huge parent figure accept.,11.3,https://placekitten.com/282/856,Sushi
16,Artist,Try require church money among.,16.12,https://placekitten.com/595/223,Burger
17,Probably,Defense design then less.,16.15,https://dummyimage.com/966x609,Burger
18,Represent,Score theory toward official perhaps.,29.47,https://picsum.photos/418/689,Pasta
19,Meet,Discussion human three bit central movie.,22.74,https://placekitten.com/1016/179,Salad
20,World,Newspaper much least record explain foreign skill need.,39.62,https://dummyimage.com/57x589,Pasta
21,Provide,Vote blue scientist south sometimes bill like.,25.22,https://dummyimage.com/773x274,Pasta
22,Sort,Full create money wait long industry.,31.3,https://placekitten.com/337/461,Burger
23,Reality,Actually office move letter ago kid.,28.78,https://placekitten.com/408/608,Sushi
24,The,Party citizen relationship drug often also.,9.6,https://picsum.photos/840/467,Salad
25,Billion,Administration participant door pay window eat.,37.24,https://placekitten.com/913/738,Pizza
26,Itself,Degree decision during think college skill.,17.44,https://placekitten.com/461/102,Burger
27,Walk,Us large her happen might.,13.44,https://picsum.photos/280/51,Dessert
28,See,Ground window rest film down nor man.,15.19,https://picsum.photos/820/823,Salad
29,Fall,Mission manager involve music source.,5.13,https://dummyimage.com/880x510,Sushi
30,Will,Guess nearly yeah live.,22.89,https://placekitten.com/850/650,Sushi
31,Participant,Hundred site significant human receive recognize message.,42.12,https://dummyimage.com/69x683,Salad
32,Long,Small go others argue coach president.,39.89,https://placekitten.com/86/271,Salad
33,Hear,Strong election attorney tend name free not.,47.27,https://placekitten.com/867/971,Pizza
34,Sell,Level occur paper serve room own.,11.08,https://picsum.photos/57/139,Salad
35,Modern,Reflect between set visit hotel another police receive.,6.78,https://picsum.photos/162/478,Pizza
36,Mouth,Decide western agreement enter politics.,42.99,https://dummyimage.com/937x227,Dessert
37,Business,Edge join among medical measure.,43.02,https://placekitten.com/78/434,Sushi
38,Hope,Form west single weight.,19.11,https://picsum.photos/536/688,Pizza
39,Space,When worker arm bring cover smile suddenly.,35.7,https://picsum.photos/124/671,Sushi
40,Provide,Parent economy threat including mean perhaps enjoy leave.,40.25,https://picsum.photos/180/804,Burger
41,Where,Window a day read.,11.33,https://dummyimage.com/544x988,Dessert
42,Teacher,Save high trouble.,36.71,https://dummyimage.com/980x827,Salad
43,Key,Strategy clear space education she perform drug.,15.24,https://dummyimage.com/277x150,Burger
44,Politics,Close attention sea better she letter.,5.96,https://dummyimage.com/819x974,Burger
45,Truth,Second do lot tax conference expert management.,27.99,https://placekitten.com/896/232,Sushi
46,Since,Discuss down short.,17.35,https://placekitten.com/985/38,Burger
47,For,Seven short enjoy possible Mr.,23.43,https://placekitten.com/152/41,Sushi
48,Without,Become do run already food unit.,21.97,https://picsum.photos/407/1017,Sushi
49,Speech,Box range sea actually hear.,22.67,https://dummyimage.com/609x712,Pizza
50,Gas,Hear method lawyer military call.,35.06,https://dummyimage.com/299x27,Pizza
51,Edge,Society individual direction since education because trade religious.,32.82,https://picsum.photos/247/877,Pasta
52,Break,Pretty walk cut standard history social official cover.,21.15,https://picsum.photos/709/807,Burger
53,Source,Court movie sit forget your.,48.08,https://placekitten.com/15/715,Burger
54,Relationship,Participant yet start large camera.,32.9,https://placekitten.com/55/1024,Sushi
55,Southern,Near piece eight whatever vote up environmental goal.,7.12,https://dummyimage.com/810x605,Dessert
56,Decide,Night community choose.,21.67,https://dummyimage.com/562x42,Pasta
57,Cold,Area staff need plan but test free local.,13.17,https://dummyimage.com/494x691,Burger
58,Risk,Community development probably.,29.35,https://picsum.photos/8/120,Pasta
59,Consider,Story leg respond safe hard could.,23.82,https://placekitten.com/334/830,Dessert
60,Weight,Change power many represent work hair official.,43.22,https://dummyimage.com/29x123,Pasta
61,Miss,Interest discover skill.,32.04,https://dummyimage.com/438x290,Salad
62,Tree,Check hard happen third next bit over.,31.64,https://placekitten.com/905/130,Pizza
63,Government,On majority one expect she hard west.,20.22,https://placekitten.com/848/959,Sushi
64,Too,Cause charge song job.,17.21,https://dummyimage.com/982x601,Burger
65,Cut,Employee red term week.,20.37,https://dummyimage.com/817x251,Burger
66,Card,Audience no difference perhaps major red.,33.63,https://picsum.photos/546/799,Salad
67,Interest,Capital mention play.,16.69,https://dummyimage.com/92x503,Burger
68,Direction,Name soldier color.,38.74,https://picsum.photos/595/347,Salad
69,Easy,Medical service generation staff third second.,41.43,https://dummyimage.com/384x590,Burger
70,Get,North inside collection free resource building.,14.97,https://picsum.photos/74/516,Burger
71,Indeed,Stand member wide.,46.39,https://placekitten.com/485/771,Pizza
72,Particular,Mind exist support.,24.55,https://picsum.photos/658/355,Salad
73,Attorney,Including decision strong budget write foreign.,9.52,https://dummyimage.com/510x817,Pasta
74,Process,Technology recently guess majority information page board share.,40.15,https://picsum.photos/30/283,Pasta
75,Kid,Opportunity dinner letter population describe size compare.,46.88,https://picsum.photos/504/50,Salad
76,How,Next professor southern if all discover office.,25.65,https://picsum.photos/253/412,Burger
77,Interesting,Girl paper goal many.,15.97,https://picsum.photos/418/803,Pizza
78,Effort,Picture first teach character another.,13.58,https://picsum.photos/175/86,Pasta
79,Very,Table mouth certain local.,17.25,https://placekitten.com/767/281,Burger
80,Recognize,Check son authority oil firm.,39.02,https://placekitten.com/425/467,Sushi
81,Even,Able production book thus whom mother with.,36.38,https://dummyimage.com/970x610,Pizza
82,What,Ball trial head almost form service rather name.,42.02,https://picsum.photos/699/22,Burger
83,Former,Office director she music forget.,21.58,https://dummyimage.com/850x798,Pizza
84,Stock,Leg way attention meet cover with sort.,29.42,https://placekitten.com/997/218,Pizza
85,Attorney,Life concern meet bank economy.,30.13,https://dummyimage.com/961x790,Pasta
86,Picture,Control better age.,12.01,https://picsum.photos/53/576,Burger
87,Race,Run situation policy candidate.,21.6,https://picsum.photos/234/667,Sushi
88,Return,Worker bank year rate our debate involve.,38.96,https://picsum.photos/559/343,Sushi
89,Resource,Of blue pick.,15.89,https://dummyimage.com/102x60,Pasta
90,Paper,Let forget reach worry leg often happen.,32.46,https://picsum.photos/500/727,Dessert
91,Unit,Phone white weight minute beat specific somebody.,23.44,https://picsum.photos/898/971,Burger
92,Page,Fall edge factor born push.,12.41,https://placekitten.com/864/512,Salad
93,Purpose,Stuff street door human theory like.,12.97,https://placekitten.com/299/674,Sushi
94,Girl,Front cold customer meeting.,30.17,https://dummyimage.com/379x66,Sushi
95,Oil,Newspaper mention hope.,45.49,https://placekitten.com/977/607,Pasta
96,Our,Of for recognize town among position property.,46.76,https://placekitten.com/213/36,Salad
97,Special,Agreement subject able owner size car cell final.,46.04,https://dummyimage.com/792x258,Pasta
98,Board,Most I myself concern return friend itself.,7.83,https://dummyimage.com/620x9,Pizza
99,Life,Available during people oil.,7.29,https://picsum.photos/438/702,Pizza
100,Everything,Industry seat system leave weight arm offer.,40.91,https://placekitten.com/119/688,Pasta
101,Affect,Board suggest any course three system.,23.44,https://dummyimage.com/736x512,Sushi
102,Per,Politics likely sell red instead treatment know.,43.08,https://placekitten.com/597/972,Burger
103,List,Information project anyone enter relationship travel recognize business.,11.31,https://picsum.photos/852/426,Burger
104,What,Discover total mention so only so study.,14.19,https://placekitten.com/671/60,Pizza
105,Pay,Teach become quite through.,40.84,https://placekitten.com/692/230,Burger
106,Involve,Democratic same life career remember history center.,47.81,https://placekitten.com/322/252,Salad
107,Allow,Guess floor well art continue.,18.36,https://dummyimage.com/485x103,Salad
108,Reduce,Industry catch mouth debate development imagine tough surface.,46.64,https://placekitten.com/644/340,Dessert
109,Travel,Play wonder me bag bad year.,5.65,https://placekitten.com/772/1003,Dessert
110,Cut,Report region feel green unit carry song.,29.57,https://picsum.photos/851/793,Pizza
111,Amount,Hard radio recognize will yard fund.,35.02,https://dummyimage.com/137x815,Sushi
112,Different,Involve school most throw system.,49.27,https://dummyimage.com/367x336,Pasta
113,Now,Consumer world me miss eight eye.,9.3,https://picsum.photos/452/391,Pasta
114,Class,Under price rule there production country.,49.47,https://placekitten.com/389/50,Sushi
115,Early,Between culture book.,13.07,https://placekitten.com/624/947,Pizza
116,Ten,Media anything serve produce scene often development.,26.55,https://placekitten.com/561/975,Pasta
117,Year,Nation bring girl.,43.87,https://placekitten.com/675/76,Sushi
118,Arrive,Shake official front nature law forward.,47.78,https://dummyimage.com/656x441,Dessert
119,Away,Season at born natural interview side friend.,33.61,https://picsum.photos/312/178,Burger
120,Rich,Public success night former lawyer.,42.15,https://dummyimage.com/678x263,Dessert
121,Break,Well close great management toward.,13.49,https://placekitten.com/641/429,Sushi
122,Everybody,Maintain figure travel could.,15,https://picsum.photos/952/410,Pizza
123,Whether,Agency former whom although.,11.34,https://placekitten.com/136/565,Dessert
124,Stop,Drop century continue cold hospital eight.,11.61,https://picsum.photos/1012/451,Pasta
125,Design,Choose remain occur full spend former.,24.8,https://dummyimage.com/931x241,Pizza
126,Available,Vote compare establish often budget claim.,32.79,https://dummyimage.com/218x329,Pizza
127,On,Require everything daughter picture certain subject.,10.6,https://picsum.photos/478/155,Dessert
128,Beautiful,Cause true significant it of increase fire.,9.57,https://picsum.photos/553/132,Sushi
129,Interesting,Glass paper shoulder.,23.78,https://dummyimage.com/742x259,Pizza
130,Visit,Cell main music image.,37.96,https://dummyimage.com/110x931,Dessert
131,City,Energy what direction wonder inside.,26.49,https://dummyimage.com/407x562,Pizza
132,Seven,It that camera professional use.,35.07,https://picsum.photos/726/205,Pasta
133,Safe,Price eat interview listen around for.,42.76,https://dummyimage.com/185x233,Burger
134,Figure,Group whole new listen system.,27.34,https://dummyimage.com/845x140,Sushi
135,Possible,Arm director teacher but.,27.14,https://placekitten.com/222/831,Pasta
136,Serve,Gas right stand determine check middle management remember.,31.08,https://picsum.photos/158/100,Pasta
137,Little,Her strategy will budget.,31.51,https://picsum.photos/613/371,Salad
138,Head,Candidate investment southern party first believe play piece.,25.23,https://dummyimage.com/236x917,Salad
139,Happy,Street wonder third investment build picture describe.,41.91,https://placekitten.com/906/449,Pizza
140,Government,Defense everyone reflect Mr bit.,34.28,https://placekitten.com/495/1001,Pizza
141,Amount,Fight people even tax usually sure image alone.,47.97,https://dummyimage.com/805x794,Burger
142,Strategy,Admit yet student theory.,15.65,https://placekitten.com/94/328,Sushi
143,Base,Trouble friend color decade part.,8.63,https://dummyimage.com/299x528,Burger
144,Floor,Product area reduce future building wish part.,19.61,https://picsum.photos/137/434,Sushi
145,Bag,And hit together team phone develop life.,26.91,https://placekitten.com/165/103,Sushi
146,Friend,The member only option someone friend.,26.89,https://placekitten.com/553/364,Pasta
147,Base,Wife friend however address inside whether.,18.7,https://picsum.photos/720/37,Dessert
148,Party,Push pretty nor popular.,15.85,https://dummyimage.com/587x397,Pasta
149,Trip,Network after up offer authority role away others.,48.09,https://dummyimage.com/442x295,Pizza
150,Front,Leave control perhaps black me two.,33.25,https://dummyimage.com/301x398,Dessert
151,Rate,Region age central market.,27.54,https://placekitten.com/659/377,Pizza
152,Road,Medical anything work fight industry require.,13.46,https://dummyimage.com/319x165,Dessert
153,Baby,Treatment right leader wall.,37.08,https://picsum.photos/663/369,Dessert
154,Mean,Walk finish almost hard hundred.,13.81,https://dummyimage.com/439x372,Pizza
155,Weight,Exactly full institution drive trade but statement and.,26.86,https://picsum.photos/213/178,Dessert
156,Off,Friend onto because garden.,40.82,https://dummyimage.com/54x376,Pasta
157,Nearly,Design black third no.,40.06,https://picsum.photos/191/529,Burger
158,Buy,Traditional affect instead report almost.,22.14,https://dummyimage.com/448x51,Burger
159,Four,Let far nation development skill executive.,40.07,https://placekitten.com/411/764,Burger
160,National,Energy record seem public.,23.65,https://dummyimage.com/263x858,Pasta
161,Poor,Language including good attack.,48,https://picsum.photos/188/433,Pizza
162,Whose,Push blue practice staff act treatment collection hear.,8.78,https://dummyimage.com/383x314,Sushi
163,Store,Whom drop father same maybe.,22.05,https://dummyimage.com/146x1003,Pizza
164,Resource,Weight morning key dog.,40.11,https://picsum.photos/704/399,Sushi
165,Their,Feel treat sound produce describe religious walk.,44.19,https://placekitten.com/231/46,Sushi
166,Focus,Step news several arm.,36.01,https://picsum.photos/284/149,Burger
167,Adult,Green you article call why send.,28.67,https://dummyimage.com/244x310,Dessert
168,Certain,Music consider all enter attorney area.,19.63,https://picsum.photos/13/764,Dessert
169,Area,Student else bank consumer recently as.,22.42,https://picsum.photos/640/526,Pizza
170,Term,Long buy probably green week policy surface.,12.27,https://picsum.photos/676/691,Salad
171,Degree,Town suggest note nor remain listen.,19.05,https://dummyimage.com/559x347,Dessert
172,Environment,Husband me part apply public both.,22.58,https://dummyimage.com/405x461,Burger
173,Management,Go just budget technology simply pretty.,16.44,https://placekitten.com/408/644,Pasta
174,Forward,Item have test worker type yourself.,22.56,https://dummyimage.com/674x621,Pizza
175,Point,Thousand argue tree ball coach security off.,32.37,https://dummyimage.com/493x320,Salad
176,Property,Ago defense suddenly discover as that.,8.35,https://dummyimage.com/475x817,Salad
177,Lawyer,Result represent despite team much line.,45.08,https://picsum.photos/294/693,Dessert
178,Truth,Why performance doctor cultural politics.,44.06,https://picsum.photos/361/1013,Pizza
179,Like,Win continue production treatment ago view result though.,28.49,https://picsum.photos/173/792,Salad
180,Book,Result local administration once might never sort together.,26.83,https://placekitten.com/753/100,Pizza
181,As,The pressure guy that enough choice.,10.8,https://picsum.photos/901/515,Pasta
182,Place,Information theory occur audience in.,24.4,https://picsum.photos/542/196,Sushi
183,Hospital,Together yard choose away.,25.02,https://picsum.photos/347/408,Sushi
184,Effect,Away police while computer provide debate.,27.6,https://placekitten.com/148/280,Pasta
185,Society,Society want no training low might.,31.88,https://picsum.photos/360/586,Pizza
186,Base,Left visit animal character suggest draw.,46.5,https://dummyimage.com/826x423,Burger
187,Free,Already alone ok notice oil yet price.,10.8,https://picsum.photos/505/108,Salad
188,Method,Remember start eye business spring threat common so.,37.87,https://dummyimage.com/915x321,Sushi
189,Million,Color exist book break affect arm stock.,33.77,https://placekitten.com/40/462,Salad
190,Population,Among analysis interesting democratic.,49,https://picsum.photos/413/688,Pasta
191,News,Include no likely season get manage.,23.18,https://dummyimage.com/729x447,Burger
192,Your,Shoulder somebody real.,31.38,https://picsum.photos/153/489,Pasta
193,Sit,Brother himself pick mission assume throughout.,15.18,https://dummyimage.com/898x74,Pizza
194,Left,Kid seem up either game assume compare.,44.2,https://dummyimage.com/83x534,Dessert
195,Young,List impact especially strong nothing thus job.,11.03,https://picsum.photos/317/758,Burger
196,Still,Know certain pick section ten I.,18.58,https://placekitten.com/650/874,Burger
197,Window,Particularly more hundred notice nearly.,49.69,https://placekitten.com/643/661,Salad
198,Community,Shake leave let eye.,10.21,https://placekitten.com/662/255,Dessert
199,Behind,Eat economic seat tell people.,38.78,https://picsum.photos/471/657,Burger
200,Foot,Condition sea knowledge determine safe garden.,15.21,https://placekitten.com/731/287,Pizza
201,Too,Off growth owner teacher.,37.35,https://picsum.photos/627/22,Burger
202,Though,Attention stop nation nature traditional month contain.,25.34,https://placekitten.com/281/805,Dessert
203,Full,Stay bill about natural rock inside market.,37.04,https://picsum.photos/123/428,Burger
204,Page,Arm another on.,37.5,https://picsum.photos/839/74,Burger
205,List,Forget course fire voice same rest drop which.,42.55,https://dummyimage.com/708x661,Pasta
206,Individual,Could commercial college your painting someone however spring.,11.91,https://placekitten.com/558/299,Pasta
207,Whose,Note year green central arm clearly common.,24.48,https://placekitten.com/264/1003,Pizza
208,Specific,Draw social deep determine bring walk.,21.15,https://picsum.photos/500/313,Salad
209,Claim,Son effort magazine.,30.63,https://dummyimage.com/960x229,Salad
210,Quite,Else throughout share night away just minute but.,6.06,https://placekitten.com/496/929,Pizza
211,Should,Ground must month discussion we after.,45.67,https://dummyimage.com/1024x634,Burger
212,Day,Much majority front center simple card.,17.83,https://picsum.photos/669/388,Burger
213,Claim,Another someone something control account.,14.08,https://dummyimage.com/913x368,Pizza
214,Forward,Source your garden federal wish.,34.24,https://placekitten.com/201/233,Burger
215,Maybe,Draw nothing society threat right.,12.85,https://picsum.photos/858/437,Sushi
216,Tonight,What position standard away.,27.71,https://dummyimage.com/273x194,Burger
217,Bank,Ever stand race major.,13.71,https://dummyimage.com/33x101,Salad
218,Against,Pattern affect top claim sound policy mention.,11.68,https://placekitten.com/737/445,Sushi
219,Author,Why government fill each outside just change.,28.32,https://picsum.photos/907/822,Salad
220,Father,Market son home east level see.,39.94,https://placekitten.com/141/103,Pasta
221,Seem,Lose key together after may always.,43.75,https://placekitten.com/551/894,Dessert
222,Professor,Represent east population prepare.,8.84,https://placekitten.com/220/806,Pasta
223,Two,I without offer them.,33,https://picsum.photos/763/944,Dessert
224,Natural,Small indicate record response gas also term.,18.51,https://picsum.photos/254/417,Salad
225,Bar,Source lawyer draw indicate human.,11.25,https://placekitten.com/43/284,Dessert
226,Feel,Have this talk several already beat.,17.92,https://placekitten.com/662/145,Salad
227,Become,Total amount anything positive.,20.69,https://placekitten.com/721/736,Pasta
228,Capital,Occur student attention pressure explain training start draw.,46.18,https://picsum.photos/625/597,Pasta
229,Still,Total western can impact standard prepare.,48.91,https://placekitten.com/650/590,Sushi
230,Rise,Recent dream wait nice seem behavior particularly crime.,22.36,https://picsum.photos/218/904,Burger
231,College,Attack great build board.,22.41,https://picsum.photos/1008/75,Sushi
232,Everything,Reveal effort wrong office most better daughter.,49.08,https://placekitten.com/511/129,Pizza
233,Opportunity,Building data improve.,28.78,https://dummyimage.com/615x116,Dessert
234,Seek,Situation anything campaign exist painting cost laugh.,30.61,https://placekitten.com/757/445,Sushi
235,Include,Note move today author.,10.28,https://dummyimage.com/492x148,Salad
236,Race,Attack pretty town then radio course author.,49.26,https://dummyimage.com/146x812,Pasta
237,Discover,Point per product from defense foot.,17.16,https://dummyimage.com/223x518,Pizza
238,Art,Generation night series us season.,41.3,https://picsum.photos/524/325,Sushi
239,It,Something season law medical.,48.62,https://placekitten.com/768/70,Salad
240,Here,Could who particular.,42.69,https://placekitten.com/535/184,Salad
241,Use,Exactly career voice follow.,29.27,https://placekitten.com/37/596,Dessert
242,At,Station show skill security part beat develop.,46.44,https://dummyimage.com/500x911,Pasta
243,Education,System should very age film.,44.62,https://picsum.photos/899/736,Salad
244,Pressure,Exist pretty may else rock theory.,15.99,https://placekitten.com/917/612,Burger
245,Teach,Thousand politics too meeting.,11.98,https://placekitten.com/262/42,Sushi
246,Condition,Sit family employee science.,38.82,https://picsum.photos/772/180,Sushi
247,Firm,Scene walk staff teacher radio.,27.17,https://placekitten.com/752/860,Sushi
248,Such,Board most score professional throughout.,17.15,https://picsum.photos/917/538,Dessert
249,Natural,Firm close war people study together data.,5.58,https://dummyimage.com/172x78,Pasta
250,Technology,Return claim heart state nice use.,8.63,https://placekitten.com/301/662,Sushi
251,Follow,Price half home former.,47.8,https://placekitten.com/222/212,Dessert
252,Fire,Leave thing development approach.,9.89,https://placekitten.com/660/97,Sushi
253,Top,Memory theory learn his.,40.6,https://placekitten.com/639/193,Burger
254,Hard,Draw door present real present wind.,9.05,https://placekitten.com/723/948,Pizza
255,Discussion,Score over really.,9.85,https://picsum.photos/182/97,Sushi
256,Ask,Draw sense wife summer.,39.37,https://dummyimage.com/36x1002,Salad
257,Almost,Hand student beat often friend happy recognize.,18.97,https://dummyimage.com/133x491,Salad
258,Tonight,See color ground without someone focus night.,6.04,https://picsum.photos/618/567,Dessert
259,Republican,Check role number.,40.5,https://placekitten.com/212/402,Pizza
260,Among,Such agree air sport special behind.,37.25,https://placekitten.com/250/36,Sushi
261,Ever,Guess pressure strategy play Democrat mention time.,30.87,https://dummyimage.com/1014x320,Dessert
262,Certainly,Paper sing whom from newspaper.,35.58,https://dummyimage.com/629x763,Sushi
263,Fine,Tough total possible myself institution recent.,37.84,https://placekitten.com/732/947,Salad
264,Point,Light effort spend condition event mention.,46.68,https://dummyimage.com/310x862,Pasta
265,Likely,Or eight child stop.,45.74,https://dummyimage.com/884x728,Burger
266,Whether,Player billion manager if foot type.,14.34,https://dummyimage.com/681x207,Pizza
267,Have,Require relate past traditional seat radio.,35.57,https://placekitten.com/892/559,Salad
268,Decide,A check miss agent.,34.5,https://placekitten.com/175/559,Pizza
269,Wish,Building address finally change magazine.,5.69,https://dummyimage.com/259x513,Sushi
270,Name,Policy simple exactly put.,48.67,https://picsum.photos/613/376,Sushi
271,Eat,Serious difference themselves mission.,9.81,https://dummyimage.com/296x833,Dessert
272,Voice,Thousand write focus book us high financial.,24.83,https://dummyimage.com/212x786,Burger
273,Data,Decide condition defense possible.,13.45,https://picsum.photos/897/136,Burger
274,Skin,Future different finally bar hard or actually beyond.,47.92,https://dummyimage.com/346x282,Dessert
275,Indicate,Western again factor produce child.,49.31,https://dummyimage.com/510x126,Sushi
276,West,Community music push discover none but apply.,20.33,https://dummyimage.com/788x538,Pizza
277,Ball,Buy product decision food word type.,18.27,https://placekitten.com/354/962,Dessert
278,Or,Scene image later too control four social she.,37.83,https://dummyimage.com/524x713,Pasta
279,Purpose,Member choose suddenly.,49.06,https://placekitten.com/582/481,Pizza
280,Program,Writer result first voice.,22.71,https://dummyimage.com/485x418,Salad
281,Rich,Election top staff.,10.91,https://picsum.photos/1013/365,Sushi
282,Fill,Cell hour senior tell suggest military to coach.,33.53,https://placekitten.com/942/479,Pasta
283,Team,Total lot of.,7.51,https://picsum.photos/866/233,Pizza
284,Myself,Successful act same drug.,24.67,https://dummyimage.com/190x319,Pizza
285,Born,Finish fish plant early themselves place agree.,35.43,https://picsum.photos/636/581,Pasta
286,Behind,Exactly concern once student heart.,18.97,https://dummyimage.com/479x14,Salad
287,Church,Either every able officer civil sometimes.,27.79,https://dummyimage.com/149x389,Dessert
288,Serve,Politics wrong important line medical campaign the.,17.33,https://picsum.photos/406/563,Burger
289,Pull,Lawyer course central short night evening chair.,47.34,https://picsum.photos/901/963,Dessert
290,Issue,Sing wall could.,14.6,https://picsum.photos/86/785,Pizza
291,Audience,Themselves stock serve movie many whole.,10,https://dummyimage.com/304x716,Pizza
292,Member,Collection they memory cell.,25.16,https://placekitten.com/853/390,Sushi
293,Under,Person bag end pretty blue agency.,30.23,https://dummyimage.com/299x954,Pasta
294,Carry,Challenge author drive social itself off box myself.,32.14,https://picsum.photos/16/349,Burger
295,Option,Politics claim beyond see then beautiful choice.,18.26,https://dummyimage.com/173x590,Salad
296,Before,Artist born under billion rock stay.,27.81,https://dummyimage.com/260x434,Pasta
297,Kitchen,Sing return garden south set eye ago.,24.61,https://picsum.photos/202/142,Pasta
298,Condition,Congress fight condition environmental.,38.59,https://picsum.photos/525/271,Salad
299,Open,Behavior modern hour important.,5.43,https://placekitten.com/154/132,Burger
300,Drug,Up watch community.,21.19,https://dummyimage.com/366x892,Burger
301,Authority,Deep away animal ever local speak state.,46.92,https://dummyimage.com/887x777,Pizza
302,Republican,Walk design wife indeed character debate.,47.3,https://dummyimage.com/418x868,Pizza
303,Pm,You step development stage choice success else.,36.11,https://placekitten.com/272/291,Pasta
304,Relationship,Development affect consumer apply fact.,44.25,https://picsum.photos/886/455,Pizza
305,Family,Appear too individual report.,18.63,https://picsum.photos/863/61,Burger
306,Concern,Soldier per yard bar operation join because.,7.92,https://dummyimage.com/123x288,Pizza
307,Here,Bank from president western.,14.69,https://placekitten.com/896/396,Pizza
308,Firm,Cultural himself future she toward wear mission soldier.,16.21,https://picsum.photos/260/854,Salad
309,Political,Old far month thing board.,7.99,https://picsum.photos/613/359,Burger
310,Possible,Finally society reach owner baby.,20.49,https://placekitten.com/1004/403,Dessert
311,Actually,Oil newspaper seven meet speak.,11.87,https://dummyimage.com/34x305,Burger
312,Already,Though offer theory do account bring change.,39.75,https://picsum.photos/201/747,Dessert
313,Sense,Item open company charge information operation local.,49.38,https://placekitten.com/480/745,Burger
314,Then,According eat star growth early meeting wear.,16.27,https://placekitten.com/371/562,Dessert
315,Suddenly,Despite watch democratic detail success huge.,18.89,https://placekitten.com/319/770,Pizza
316,Under,Fear still Republican.,15.92,https://placekitten.com/371/445,Dessert
317,View,Parent military fall new.,10.45,https://dummyimage.com/174x911,Salad
318,Responsibility,Heart off baby everybody old.,29.29,https://picsum.photos/690/900,Pasta
319,Me,Truth since better kid me understand.,9.52,https://placekitten.com/807/428,Pizza
320,Certain,Plan type effort might color special.,32.62,https://placekitten.com/256/277,Sushi
321,Change,Tv bank else leg ok wrong.,24.52,https://picsum.photos/41/674,Dessert
322,News,We training cup tonight.,38.8,https://dummyimage.com/767x754,Burger
323,Company,Others kind space else away remain dark evening.,33.48,https://dummyimage.com/657x766,Pasta
324,Improve,Field deep cover nation now by lot.,40.95,https://dummyimage.com/982x520,Salad
325,Stuff,Position matter pattern student budget.,29.28,https://picsum.photos/71/846,Salad
326,Consider,By check able least blood your throw.,8.38,https://placekitten.com/199/24,Burger
327,Bit,Inside watch past later hotel suggest brother.,40.68,https://dummyimage.com/887x960,Sushi
328,Remember,Specific generation argue other most like new.,5.67,https://dummyimage.com/141x1001,Sushi
329,Relationship,Catch several avoid provide strategy.,11.33,https://picsum.photos/595/92,Salad
330,Drive,Market out relationship movie class ground shoulder join.,28.74,https://dummyimage.com/1000x243,Dessert
331,Raise,Course list food economy country team process.,40.85,https://dummyimage.com/148x826,Salad
332,Four,Edge small without support though.,16.47,https://dummyimage.com/855x159,Burger
333,Represent,Other soldier more instead child top stuff.,35.01,https://placekitten.com/550/447,Burger
334,Political,Health such possible compare enough while condition.,29.87,https://dummyimage.com/303x548,Pasta
335,Seven,Toward focus whose religious thought.,47.84,https://picsum.photos/835/761,Pizza
336,Bar,Blue office out indicate this material either.,20.5,https://picsum.photos/516/630,Burger
337,Wish,Necessary nature per themselves base before.,12.62,https://dummyimage.com/882x204,Pasta
338,Line,Defense police under.,33.26,https://dummyimage.com/947x205,Pasta
339,Medical,Care against money with every speech through.,36.04,https://picsum.photos/427/215,Pasta
340,Much,Medical off film important.,7.62,https://dummyimage.com/652x614,Pizza
341,Health,Young real learn mention catch against within.,25.73,https://picsum.photos/433/412,Pasta
342,Different,Work growth know job case.,8.66,https://dummyimage.com/890x385,Sushi
343,Condition,Follow huge red environment financial blood different.,43.61,https://picsum.photos/569/433,Sushi
344,Democratic,Media evidence worry final green.,8.12,https://dummyimage.com/811x214,Salad
345,Science,Ago he necessary.,46.8,https://picsum.photos/821/795,Sushi
346,Task,Hear worry really positive however maintain once.,19.28,https://placekitten.com/588/569,Dessert
347,Room,Region report yes either.,48.13,https://picsum.photos/62/1016,Pasta
348,Wide,Newspaper night shake quickly.,13.83,https://dummyimage.com/438x118,Salad
349,Project,Under Mr myself new.,16.36,https://placekitten.com/525/141,Burger
350,Region,Fact little man foot often.,47.57,https://dummyimage.com/918x133,Sushi
351,Agent,Us baby approach where here.,47.07,https://picsum.photos/114/223,Dessert
352,Now,News study say wall purpose account type significant.,33.43,https://dummyimage.com/64x985,Sushi
353,Cause,Environment successful several sit western road.,44.14,https://picsum.photos/878/571,Dessert
354,Responsibility,Book happy day ago if.,45.91,https://dummyimage.com/35x322,Salad
355,Should,Challenge little manager.,18.53,https://picsum.photos/820/1000,Pizza
356,Lawyer,Full study law effect.,27.18,https://picsum.photos/373/327,Dessert
357,Home,Ask fund during lose identify deep.,40.44,https://placekitten.com/814/203,Pasta
358,Service,Heavy finally growth finish.,23.87,https://dummyimage.com/634x731,Dessert
359,Know,Pass product nation room main friend politics.,15.58,https://picsum.photos/493/207,Pizza
360,Standard,Never ok dark.,48.86,https://picsum.photos/911/755,Sushi
361,Decision,Edge anyone though.,13.41,https://placekitten.com/240/589,Salad
362,Subject,Game about meeting.,31.87,https://picsum.photos/27/896,Pizza
363,Message,Occur tonight carry east shake writer.,43.26,https://dummyimage.com/484x656,Pizza
364,Age,Adult hit thus state really senior others west.,22.27,https://placekitten.com/655/929,Pasta
365,Report,Price who hard list evidence theory after.,47.43,https://picsum.photos/527/635,Burger
366,Machine,Customer note measure.,26.02,https://dummyimage.com/678x919,Burger
367,Yard,So represent himself anyone event wait character long.,17.7,https://picsum.photos/225/794,Dessert
368,Teach,Fact magazine into central.,37,https://picsum.photos/231/748,Dessert
369,Professional,Include company rate moment.,47.17,https://dummyimage.com/443x776,Pasta
370,Usually,Goal sign age score source fact recently painting.,8.65,https://picsum.photos/816/465,Sushi
371,Society,Tv item gun create religious choice.,21.04,https://dummyimage.com/86x300,Dessert
372,Last,West add wife PM interesting avoid soon.,39.89,https://picsum.photos/451/21,Burger
373,Operation,Participant data ok market prove.,18.33,https://placekitten.com/428/466,Pizza
374,Draw,Begin benefit low policy everything interest.,42.99,https://dummyimage.com/244x307,Burger
375,Serious,Hour decade forward economy difficult.,33.56,https://placekitten.com/752/1016,Pasta
376,Happen,Near color call myself bring player know.,10.02,https://placekitten.com/40/327,Sushi
377,While,Always or even central until prevent local single.,29.02,https://picsum.photos/839/904,Burger
378,Several,Phone yeah hotel she ground.,5.72,https://picsum.photos/275/984,Dessert
379,Modern,Sister image baby.,30.74,https://picsum.photos/528/672,Dessert
380,Meet,Deal level where.,9.8,https://picsum.photos/163/949,Dessert
381,Situation,Environmental until reality key laugh.,27.05,https://placekitten.com/539/246,Pasta
382,Good,Process affect chance child past back standard.,46.31,https://placekitten.com/1002/516,Salad
383,Toward,Today whether easy recently guess allow.,19.74,https://picsum.photos/360/251,Pasta
384,Something,Under plant someone question across east sing prepare.,30.61,https://dummyimage.com/827x254,Dessert
385,City,Challenge first idea area agree break.,41.16,https://dummyimage.com/952x74,Sushi
386,It,Shoulder control some name fear another.,15.28,https://placekitten.com/45/900,Dessert
387,Instead,Thousand indicate business capital democratic security hear.,10.98,https://dummyimage.com/316x969,Pasta
388,Economic,New open success history talk fall.,21.83,https://dummyimage.com/285x915,Burger
389,By,Section either everyone.,13.64,https://placekitten.com/390/210,Salad
390,Occur,Ago agree shake rate either that free song.,36.17,https://dummyimage.com/667x78,Sushi
391,Another,Name choice civil nothing.,23.11,https://placekitten.com/695/402,Pizza
392,Fight,Speak old though soon.,5.62,https://picsum.photos/552/309,Salad
393,Cold,If range source of local.,27.27,https://picsum.photos/504/938,Sushi
394,Hit,Mouth sport few road.,46.9,https://picsum.photos/302/867,Pizza
395,Health,Apply body or whom.,29.56,https://dummyimage.com/260x453,Pasta
396,Environment,Seven only approach worry newspaper weight source knowledge.,36.91,https://placekitten.com/682/269,Pizza
397,Coach,Address role fine indeed attorney employee.,29.58,https://picsum.photos/871/257,Salad
398,Rise,Never page card range environmental experience anything.,25.11,https://dummyimage.com/715x296,Pizza
399,Down,Development pay start.,27.26,https://picsum.photos/628/133,Salad
400,High,Together process senior relate cold order together.,29.73,https://placekitten.com/289/867,Salad
401,Base,Official employee think hundred tonight various.,34.6,https://picsum.photos/219/303,Dessert
402,Week,American night deal tell week hear staff.,45.35,https://dummyimage.com/726x324,Sushi
403,Yourself,Agreement occur minute six interest site I yard.,33.94,https://picsum.photos/299/821,Salad
404,Understand,Myself they thus.,8.84,https://dummyimage.com/774x964,Pasta
405,Morning,Would store career off catch.,42.93,https://placekitten.com/100/124,Salad
406,Suggest,Direction language close food whole article.,21.1,https://dummyimage.com/895x72,Burger
407,Lead,Help begin eat.,5.2,https://dummyimage.com/683x163,Salad
408,Take,Yeah affect particularly agree Democrat deal.,39.01,https://dummyimage.com/515x302,Pasta
409,Sure,List understand raise better professional behavior only.,12.53,https://placekitten.com/645/755,Sushi
410,Mission,Let none end so coach understand director.,47.42,https://picsum.photos/394/421,Pizza
411,Consider,Trade service total season into now.,17.53,https://placekitten.com/271/225,Salad
412,Exactly,Indeed different machine deep.,5.27,https://dummyimage.com/631x497,Sushi
413,Oil,Report look during out.,24.75,https://placekitten.com/435/505,Pasta
414,Particularly,Huge home structure discussion ability position.,24.18,https://placekitten.com/378/611,Pizza
415,Down,Visit grow worry something.,20.69,https://dummyimage.com/676x940,Dessert
416,Respond,Use employee student save.,36.9,https://dummyimage.com/267x311,Pasta
417,Reveal,Particular onto station safe research why.,18.07,https://dummyimage.com/857x942,Burger
418,Television,Role military write fear fire together responsibility material.,32.08,https://placekitten.com/274/957,Burger
419,Measure,Morning something pick.,14.38,https://dummyimage.com/400x38,Burger
420,Leave,Discover her center real probably product region site.,22.11,https://dummyimage.com/348x360,Pizza
421,Seek,Every structure point democratic though.,31.54,https://picsum.photos/662/552,Dessert
422,Ever,Red focus deal time situation make yet.,15.3,https://picsum.photos/470/372,Salad
423,Inside,Value use write we ok knowledge evidence from.,15.26,https://dummyimage.com/556x393,Burger
424,Agency,High son method customer.,48.28,https://placekitten.com/179/115,Sushi
425,Health,Able least its third.,32.26,https://placekitten.com/519/90,Pizza
426,Believe,Money dog mission building easy.,45.92,https://dummyimage.com/191x377,Pasta
427,Between,Simply computer worry support short growth.,21.68,https://placekitten.com/928/327,Salad
428,Prevent,Current politics huge page.,49.24,https://placekitten.com/904/972,Pizza
429,Show,Series often many history move follow thank.,28.57,https://picsum.photos/37/813,Pizza
430,Sport,Build make girl attention cut civil together.,19.88,https://placekitten.com/1018/922,Pasta
431,Campaign,Give lead true picture letter.,47.19,https://dummyimage.com/356x719,Pasta
432,Your,Item of improve east.,27.38,https://picsum.photos/859/557,Pasta
433,They,Per baby more discuss business.,43.79,https://picsum.photos/541/771,Dessert
434,Part,Try traditional mission attorney professional college commercial.,16.61,https://placekitten.com/596/1024,Pasta
435,Mrs,Set worker need because would.,29.96,https://picsum.photos/367/744,Pizza
436,Remember,Teach or space ever.,30.74,https://picsum.photos/671/886,Dessert
437,Every,Your political mother coach various less.,20.72,https://placekitten.com/314/116,Burger
438,Hotel,Those bill go professor.,24.88,https://picsum.photos/666/774,Pasta
439,Available,Lot whole tree through land consider.,37.51,https://placekitten.com/246/856,Pasta
440,Focus,Situation human surface report want customer heavy.,44.39,https://dummyimage.com/499x397,Pasta
441,Add,Quickly poor well five.,36.11,https://picsum.photos/11/346,Burger
442,Sell,Cover phone lead job police degree.,23.59,https://placekitten.com/401/899,Dessert
443,Suffer,Page budget particularly.,18.03,https://placekitten.com/701/912,Pasta
444,Small,Authority civil environment cut where.,12.54,https://picsum.photos/710/829,Salad
445,Include,Front long experience thank none painting evening.,38.77,https://dummyimage.com/816x82,Salad
446,Easy,Itself attention animal represent administration.,36.14,https://picsum.photos/220/638,Pasta
447,Skill,Less task party forget describe treat.,38.82,https://picsum.photos/709/440,Burger
448,Industry,Almost skin wonder scientist life professional.,49.55,https://picsum.photos/846/376,Dessert
449,Main,International total would ability.,8.19,https://placekitten.com/71/517,Sushi
450,Few,According and throw pick really hear top here.,46.82,https://picsum.photos/988/598,Pasta
451,Teacher,Final those themselves mind put benefit according international.,46.79,https://placekitten.com/128/306,Pizza
452,Mission,Blue board exist reach order natural house personal.,8.74,https://dummyimage.com/525x555,Dessert
453,Too,Until today run others century large.,18.25,https://picsum.photos/257/219,Dessert
454,Stop,Five international as that authority.,32.18,https://dummyimage.com/132x344,Burger
455,Card,End police serve bed mind quite.,12.64,https://placekitten.com/567/966,Sushi
456,Professor,Man charge shoulder finally concern.,48.41,https://picsum.photos/507/269,Sushi
457,So,Mr analysis western color film if.,41.46,https://picsum.photos/222/949,Salad
458,Me,Do student summer traditional sound seven.,11.15,https://placekitten.com/37/1004,Burger
459,However,Next themselves special happy everybody.,47.01,https://placekitten.com/400/792,Pasta
460,Fight,High professor consider subject movement north.,17.1,https://placekitten.com/757/327,Pizza
461,Culture,Road whatever system.,24.66,https://picsum.photos/877/172,Sushi
462,Carry,Few central the teacher.,47.6,https://picsum.photos/270/972,Pasta
463,Technology,Recent movie enter reason threat.,13.57,https://placekitten.com/918/631,Dessert
464,Star,Quality seek stage girl role.,42.75,https://picsum.photos/466/969,Sushi
465,Matter,North allow head bill official many consumer.,8.33,https://picsum.photos/174/609,Dessert
466,Arrive,Party agent positive owner because.,39.56,https://picsum.photos/306/325,Pizza
467,Walk,Condition fine join answer.,22.6,https://dummyimage.com/143x286,Pasta
468,Whom,We new heavy store bill prepare cost.,36.11,https://picsum.photos/580/509,Dessert
469,Truth,Fall others sing account administration offer continue food.,14.5,https://dummyimage.com/575x1023,Burger
470,Into,Bit everyone address could issue foreign.,17.73,https://picsum.photos/924/33,Salad
471,Not,War then parent receive decide a attack.,48.57,https://placekitten.com/469/830,Pizza
472,Person,Argue break sound oil.,46.86,https://placekitten.com/457/63,Pasta
473,Already,Before choose PM sing heart.,12.23,https://placekitten.com/569/474,Pasta
474,Discuss,Level protect talk position result case give.,15.96,https://picsum.photos/985/151,Salad
475,Key,Reality hear middle this blood.,22.57,https://placekitten.com/48/363,Dessert
476,Far,Move Republican general fact crime.,38.94,https://placekitten.com/988/907,Dessert
477,Story,Meet between behind four organization smile sometimes.,38.62,https://dummyimage.com/293x435,Pizza
478,Professional,Prevent building moment name cup do.,9.61,https://dummyimage.com/373x294,Dessert
479,Recent,Rule doctor industry learn health force.,27.34,https://dummyimage.com/115x268,Sushi
480,Pm,Discussion young business same fast entire defense.,22.69,https://picsum.photos/1000/232,Salad
481,Foot,Identify mind inside computer create fine.,13.94,https://picsum.photos/727/599,Dessert
482,Act,Although tree state sure.,11.34,https://placekitten.com/102/117,Pasta
483,Possible,Method beyond arm room only capital.,42.71,https://picsum.photos/713/1,Sushi
484,Place,Almost who capital than various around.,11.22,https://picsum.photos/654/706,Sushi
485,Current,Suffer particularly position.,27.58,https://dummyimage.com/984x556,Burger
486,Thus,Than particularly but piece.,30.56,https://placekitten.com/187/82,Pizza
487,Center,Various watch stock clear already.,37.25,https://placekitten.com/910/723,Sushi
488,Occur,Rate west both church.,34.11,https://picsum.photos/486/940,Salad
489,Born,Most authority people too worry decade he measure.,14.03,https://dummyimage.com/661x103,Burger
490,Pm,Throw central science bank.,40.94,https://dummyimage.com/203x830,Burger
491,Interesting,Provide everyone east trade attack.,35.16,https://dummyimage.com/779x550,Sushi
492,Position,Whole it when human thus never.,22.93,https://dummyimage.com/855x136,Sushi
493,Air,Other than glass particularly.,16.72,https://placekitten.com/1005/132,Pasta
494,Rock,Realize citizen case example.,42.44,https://dummyimage.com/976x956,Sushi
495,Quite,Option true time must tonight save.,26.13,https://picsum.photos/980/422,Sushi
496,Tv,Strong project growth official race provide.,44.64,https://placekitten.com/250/753,Pizza
497,Might,Go set discover enjoy spend beat.,41.32,https://picsum.photos/540/339,Salad
498,Issue,Major gas watch save back.,36.88,https://placekitten.com/239/467,Burger
499,Staff,Also truth no pick.,45.19,https://picsum.photos/148/601,Sushi
500,Board,Year challenge service evening.,47.96,https://dummyimage.com/1016x528,Pasta
501,Car,Left culture light career few then not job.,45.88,https://picsum.photos/153/955,Pizza
502,Young,East building decide current son site billion.,37.19,https://dummyimage.com/386x390,Dessert
503,Talk,Include compare rise heavy we each seem good.,10.62,https://picsum.photos/37/178,Sushi
504,Next,Challenge certainly join lot.,27.22,https://placekitten.com/579/745,Pasta
505,Visit,Why me trade science.,28.46,https://placekitten.com/832/188,Salad
506,Town,Suffer happen very important individual.,27.1,https://picsum.photos/329/32,Sushi
507,Science,Hard professional sure I avoid young American maintain.,23.7,https://picsum.photos/148/83,Pizza
508,Off,Result what oil.,9.66,https://dummyimage.com/47x872,Pasta
509,Fish,Science skill share keep.,25.41,https://picsum.photos/629/120,Pasta
510,Customer,Their instead his just PM several.,34.08,https://placekitten.com/595/250,Pizza
511,Water,Large red box yes budget.,11.5,https://picsum.photos/9/729,Sushi
512,Suffer,Election two risk region husband.,6.78,https://dummyimage.com/677x505,Salad
513,Produce,Place property business car stuff majority.,8.64,https://placekitten.com/617/415,Burger
514,Answer,Daughter one form within.,44.69,https://placekitten.com/660/663,Salad
515,Since,Which military save partner time place.,25.11,https://dummyimage.com/883x654,Sushi
516,Song,Risk guess heart election gun shake talk.,13.98,https://placekitten.com/174/915,Sushi
517,International,Stop sit player bad prove.,20.65,https://picsum.photos/921/213,Burger
518,Relate,Owner commercial direction talk.,39.58,https://dummyimage.com/849x276,Pasta
519,Inside,General mother popular explain.,23.48,https://placekitten.com/313/835,Burger
520,Likely,Age party politics role red.,11.83,https://picsum.photos/330/405,Pizza
521,Different,Then body together capital seem action.,34.27,https://placekitten.com/664/89,Sushi
522,Behavior,Difference college first pull.,39.41,https://placekitten.com/253/912,Burger
523,View,Star bit market.,10.03,https://dummyimage.com/26x98,Dessert
524,Hair,Shake while mouth voice fly figure mission.,13.55,https://placekitten.com/286/135,Sushi
525,Sea,Because owner significant make heavy party.,36.34,https://dummyimage.com/839x346,Pizza
526,Role,Crime six common.,10.7,https://dummyimage.com/716x256,Sushi
527,Or,Sea no environment lay I these authority fear.,20.7,https://picsum.photos/772/34,Pizza
528,Nice,During democratic option better such tough.,43.22,https://placekitten.com/11/726,Pizza
529,Care,Customer bill place man.,44.85,https://picsum.photos/582/735,Pizza
530,This,Politics realize play sit school.,15.77,https://placekitten.com/901/703,Pizza
531,Road,Design which always drive there institution.,24.12,https://dummyimage.com/723x446,Pasta
532,Before,Race owner then where.,33.52,https://placekitten.com/91/268,Pasta
533,Compare,More will single standard.,31.73,https://picsum.photos/812/195,Salad
534,Capital,Open small much picture run.,11.67,https://placekitten.com/627/500,Sushi
535,End,Apply evening eye institution leave then.,10.63,https://dummyimage.com/962x244,Sushi
536,Father,Big capital likely power turn pressure training response.,16.65,https://picsum.photos/677/874,Pizza
537,Letter,Charge movie dream technology your.,21.1,https://dummyimage.com/675x633,Pizza
538,Employee,Public support network scientist senior.,21.64,https://dummyimage.com/275x18,Pizza
539,Economy,Song water ability national customer sure.,12.06,https://picsum.photos/693/357,Burger
540,TRUE,Spend according baby study require participant kind.,34.07,https://picsum.photos/823/756,Burger
541,Behavior,Entire give ever first establish.,37.07,https://dummyimage.com/756x751,Salad
542,Type,Between car role market upon much.,40.09,https://placekitten.com/60/226,Pasta
543,Red,About ago scene building growth.,25.67,https://dummyimage.com/968x700,Salad
544,Quite,Recent player sing per.,25.61,https://dummyimage.com/170x160,Pizza
545,Develop,People behind explain tell themselves huge nor buy.,16.89,https://placekitten.com/992/777,Burger
546,Face,Measure pass small may.,37.3,https://picsum.photos/150/478,Dessert
547,Box,Subject case wide national best old because.,46.13,https://dummyimage.com/997x379,Pizza
548,Scientist,Already now sense science pressure.,47.04,https://placekitten.com/473/420,Pasta
549,Western,Dog fish practice law woman ever.,29.21,https://dummyimage.com/103x47,Salad
550,His,Feel outside heavy.,35.3,https://placekitten.com/395/899,Salad
551,Total,Probably floor child doctor.,45.44,https://placekitten.com/1008/925,Sushi
552,Money,Walk out guy bed.,15.49,https://dummyimage.com/844x395,Salad
553,Cultural,Election him full state man election.,9.44,https://placekitten.com/98/297,Sushi
554,Suffer,Finish ok all difference but sound appear care.,11.83,https://placekitten.com/520/884,Sushi
555,Learn,Growth fire long four energy use.,27.94,https://picsum.photos/232/550,Dessert
556,Standard,Size figure land subject.,21.31,https://placekitten.com/251/49,Salad
557,Art,Whether learn game so on brother.,7.42,https://placekitten.com/949/111,Dessert
558,Game,Camera window do station century wide about realize.,18.29,https://placekitten.com/517/215,Pasta
559,Serious,Season pass security simply score anyone.,37.58,https://placekitten.com/869/914,Dessert
560,Bill,Must market hand bill full item.,23.05,https://dummyimage.com/674x926,Sushi
561,Source,Road stay short citizen movement determine.,30.9,https://picsum.photos/821/132,Dessert
562,Majority,Indicate foreign unit thing.,28.1,https://picsum.photos/411/390,Salad
563,Put,Along often work feeling measure all base.,9.97,https://picsum.photos/485/250,Burger
564,Glass,Perform picture floor yet.,42.06,https://picsum.photos/360/220,Salad
565,Coach,Ever describe head until bring why shake set.,33.33,https://picsum.photos/979/740,Pasta
566,Language,Court daughter season statement expect week movement.,36.69,https://placekitten.com/209/149,Pasta
567,Decision,City kind bill anything send pass partner.,10.47,https://dummyimage.com/881x586,Sushi
568,Prevent,Forward current little few part father left.,45.78,https://placekitten.com/454/81,Pizza
569,Tonight,Population imagine win dark two build.,26.39,https://placekitten.com/595/267,Pasta
570,Industry,Wish identify factor.,38.95,https://placekitten.com/1015/322,Pizza
571,Agreement,Fight evidence class arrive.,14.27,https://picsum.photos/164/762,Burger
572,Win,System wish bill become.,15.54,https://dummyimage.com/15x202,Sushi
573,History,Huge stop administration treat.,47.83,https://dummyimage.com/66x884,Dessert
574,Minute,Range president left low available main.,22.77,https://placekitten.com/139/63,Dessert
575,Candidate,Father individual long hit tree help second.,38.18,https://placekitten.com/839/310,Pizza
576,Ability,Record might great expert fly.,40.47,https://placekitten.com/477/821,Salad
577,Me,Camera impact executive usually top hand drop however.,46.22,https://dummyimage.com/444x43,Dessert
578,Everybody,Young and herself find.,35.31,https://picsum.photos/738/508,Pasta
579,Test,Suddenly there could build cover.,37.23,https://picsum.photos/430/650,Sushi
580,Mrs,Left inside because foreign this TV could.,19.36,https://dummyimage.com/130x414,Pasta
581,Institution,Ago then say prevent find.,16.34,https://picsum.photos/874/446,Dessert
582,Voice,Piece offer dog effect bit.,12.21,https://placekitten.com/125/648,Dessert
583,Hundred,Technology dark mean compare at city.,41.31,https://dummyimage.com/640x804,Pasta
584,Interest,Affect true miss station.,32.99,https://dummyimage.com/868x48,Pasta
585,Talk,West sea door give campaign brother.,20.71,https://placekitten.com/167/318,Pasta
586,Lead,Prevent activity work maintain detail join.,32.44,https://placekitten.com/164/142,Pizza
587,All,Case suffer begin.,34.06,https://dummyimage.com/128x998,Dessert
588,Stand,Church occur main three.,37.8,https://picsum.photos/898/341,Burger
589,Mother,Despite fight huge drug exactly on size.,39.74,https://dummyimage.com/934x973,Burger
590,Family,Environment spring political term for avoid.,45.93,https://dummyimage.com/342x588,Pasta
591,Morning,Another we true ground age manager piece.,29.72,https://placekitten.com/743/990,Pizza
592,Peace,Whatever course need other top property state.,29.55,https://dummyimage.com/887x141,Sushi
593,Soon,Until oil dark wrong whatever town growth.,27.98,https://dummyimage.com/946x492,Dessert
594,Last,Trial reach interest record.,34.67,https://placekitten.com/952/883,Pizza
595,Current,Authority debate place interview major station.,6.99,https://picsum.photos/962/652,Salad
596,People,Here reason of a want never run.,28.2,https://placekitten.com/721/990,Burger
597,Central,Wish billion attorney.,19.09,https://placekitten.com/0/502,Pizza
598,Ago,Story few knowledge land very thing.,5.17,https://dummyimage.com/394x901,Dessert
599,Field,Popular job direction actually do.,42.9,https://dummyimage.com/501x138,Sushi
600,Little,Result season like property forward.,29.92,https://picsum.photos/387/847,Dessert
601,Teach,Mr carry difference among past party share.,5.02,https://placekitten.com/387/568,Dessert
602,Team,According safe like those information final bed.,27.47,https://picsum.photos/119/554,Salad
603,Consider,Suddenly yes five half.,36.69,https://dummyimage.com/1021x471,Pizza
604,Deep,Pressure ahead me figure third there.,24.77,https://placekitten.com/416/827,Pizza
605,Protect,North soon shake.,42.72,https://placekitten.com/394/541,Burger
606,Beat,Conference truth little be sense provide fill.,30.45,https://dummyimage.com/122x111,Burger
607,Film,Tax hundred music under rich when want.,47.83,https://picsum.photos/198/214,Dessert
608,Quite,Wait machine top interest his compare sit.,7.01,https://dummyimage.com/619x62,Burger
609,High,Artist only apply.,39.55,https://dummyimage.com/221x577,Pasta
610,Listen,Last standard expert glass production woman security.,34.22,https://picsum.photos/689/465,Salad
611,American,Room over possible key seven little seem.,14.52,https://dummyimage.com/476x670,Dessert
612,Reality,Even read test role population situation.,20.23,https://dummyimage.com/893x546,Burger
613,Happy,International mission goal water agreement hospital herself.,44.82,https://picsum.photos/742/689,Sushi
614,Region,Good note tree fear.,22.21,https://placekitten.com/76/46,Pasta
615,Two,Hair cultural be improve guess style lead why.,26.53,https://picsum.photos/273/162,Sushi
616,Dream,Year cut inside coach by toward.,34.06,https://placekitten.com/624/271,Dessert
617,Hard,Modern camera break voice pull image or.,25.15,https://placekitten.com/751/813,Pasta
618,Suffer,Various hand sort.,12.92,https://dummyimage.com/349x721,Dessert
619,Wife,Catch like every game very answer.,49.33,https://picsum.photos/664/747,Pasta
620,Western,Available safe wait sometimes determine test.,9.3,https://picsum.photos/85/197,Salad
621,Pass,Wrong computer TV true give season.,43.2,https://placekitten.com/756/184,Dessert
622,She,Morning through nice item interesting visit.,47.25,https://picsum.photos/952/504,Sushi
623,Trouble,Run chance act quality Democrat single common story.,14.33,https://picsum.photos/229/697,Dessert
624,Song,Dream their city item agreement.,37.17,https://picsum.photos/27/988,Sushi
625,During,Spend scientist thank place evidence discover.,21.27,https://placekitten.com/180/161,Salad
626,Tax,Radio do set reason them.,36.09,https://picsum.photos/850/732,Salad
627,Sometimes,Catch watch amount approach experience how.,29.67,https://picsum.photos/515/316,Sushi
628,Foot,Alone catch plant environment perform.,33.9,https://placekitten.com/12/581,Pizza
629,Office,Remember life there again down may class.,45.65,https://placekitten.com/132/824,Salad
630,Resource,Low realize course value.,18.25,https://placekitten.com/294/756,Dessert
631,Interest,Great above effect.,47.42,https://placekitten.com/690/820,Sushi
632,Only,Hotel contain bill actually.,39.05,https://picsum.photos/423/394,Sushi
633,Describe,American Congress section sing.,12.33,https://placekitten.com/130/48,Salad
634,Check,Whose PM now different.,48.38,https://dummyimage.com/240x649,Pasta
635,Environmental,Himself one begin her student weight later.,7.79,https://dummyimage.com/956x1015,Pizza
636,Write,Age organization during foot company card player.,15.74,https://picsum.photos/550/892,Pasta
637,Community,Worker student pull.,5.62,https://picsum.photos/689/720,Pasta
638,Relate,Person standard on eye or.,37.28,https://dummyimage.com/326x103,Sushi
639,Way,Color green seem kitchen your.,43.22,https://dummyimage.com/327x272,Sushi
640,Game,Employee director meeting more nature.,5.68,https://picsum.photos/567/145,Pasta
641,Six,Strong according television walk area lead sure.,9.88,https://picsum.photos/314/726,Pizza
642,Travel,Everybody north local TV all mission.,22.28,https://dummyimage.com/8x56,Burger
643,Even,Because nation church pay.,45.17,https://dummyimage.com/285x723,Sushi
644,Exist,Region north health partner.,32.11,https://picsum.photos/164/769,Sushi
645,Hard,Number kind should enjoy week indeed scene.,39.62,https://dummyimage.com/719x955,Pasta
646,Senior,Visit must attorney open drug build time.,37.05,https://dummyimage.com/362x312,Salad
647,Green,Action and part.,19.41,https://placekitten.com/789/301,Salad
648,Week,Exactly raise impact member.,23.13,https://placekitten.com/298/268,Sushi
649,Strong,Almost food contain present.,31.94,https://placekitten.com/575/659,Dessert
650,Result,Article late next knowledge chair now want recent.,42.06,https://placekitten.com/47/102,Burger
651,Enjoy,Few brother bag party.,30.68,https://placekitten.com/824/757,Salad
652,Page,Institution movement simply experience them authority during.,28.69,https://dummyimage.com/348x841,Burger
653,Though,School forward occur strong building.,40.98,https://placekitten.com/564/79,Sushi
654,Out,Risk too trouble.,19.64,https://placekitten.com/175/307,Pizza
655,Visit,Difficult save shake table make new kind should.,46.69,https://dummyimage.com/305x15,Salad
656,But,Almost hour across establish.,13.11,https://placekitten.com/271/931,Dessert
657,Teacher,Them cultural wear including.,37.54,https://placekitten.com/666/25,Pizza
658,Member,Want price discuss available newspaper point from call.,20.66,https://dummyimage.com/848x480,Pizza
659,Central,Religious heavy wrong beyond focus.,10.27,https://picsum.photos/524/629,Sushi
660,Effect,Throughout reduce cover.,29.2,https://picsum.photos/139/425,Pasta
661,Word,Drug local into.,31.75,https://dummyimage.com/733x66,Salad
662,Effect,Street although mention these population sort.,18.84,https://picsum.photos/202/885,Pizza
663,Individual,Believe become another yes true education security.,40.3,https://picsum.photos/111/835,Sushi
664,Personal,Really when example yet.,47.76,https://picsum.photos/946/93,Salad
665,Always,Pull nice whole walk material participant.,41.65,https://picsum.photos/723/94,Sushi
666,Card,Near writer now really.,21.92,https://picsum.photos/254/881,Salad
667,Per,Benefit provide certainly section yet ask trouble.,23.08,https://placekitten.com/784/305,Pasta
668,Main,Weight yes out water.,40.71,https://dummyimage.com/827x437,Salad
669,Others,Consumer dog sport.,20.94,https://placekitten.com/678/392,Salad
670,Own,Yes meet card wide.,15.67,https://placekitten.com/622/797,Burger
671,Sell,Stand fill foreign clearly party worker them.,34.58,https://placekitten.com/503/661,Sushi
672,Whatever,Yet down community mouth.,23.38,https://placekitten.com/220/436,Salad
673,Next,Result name follow interest stop experience his.,11.15,https://picsum.photos/501/115,Pizza
674,Friend,Book save real drive total relate operation.,21.36,https://placekitten.com/257/247,Pasta
675,Stand,Hospital themselves despite successful.,26.5,https://picsum.photos/1017/523,Sushi
676,Voice,Effect success air action production matter could.,37.84,https://dummyimage.com/482x721,Burger
677,Way,Skin purpose plan somebody look national job your.,43.34,https://placekitten.com/780/481,Sushi
678,Nearly,Let network air treat.,11.88,https://picsum.photos/910/167,Burger
679,Wear,West lay game store side movie way.,17.65,https://placekitten.com/587/418,Pizza
680,Crime,Remember wear civil option.,16.88,https://picsum.photos/91/245,Burger
681,Too,Energy model everything ten.,5.46,https://picsum.photos/309/152,Pizza
682,Poor,Culture tend memory professor.,37.86,https://dummyimage.com/427x456,Pasta
683,Paper,Place ability wife account defense really.,39.35,https://placekitten.com/230/441,Dessert
684,Same,Experience which require statement technology.,45.67,https://placekitten.com/75/966,Salad
685,Culture,Citizen face board concern group establish prepare.,44.79,https://picsum.photos/538/321,Sushi
686,Any,Develop five property seem performance strategy section.,37.76,https://picsum.photos/292/517,Pasta
687,Stop,Put worker deal decade month its.,40.75,https://placekitten.com/289/368,Sushi
688,Both,Consumer raise run drop drive.,45.27,https://picsum.photos/753/508,Burger
689,Along,Available arrive artist lay position.,44.36,https://dummyimage.com/592x748,Pizza
690,Coach,Impact wife miss forget action even.,5.56,https://placekitten.com/730/481,Sushi
691,Particular,Break defense like force test authority size.,47.29,https://picsum.photos/122/428,Pasta
692,Buy,Business this both some help.,46.21,https://picsum.photos/655/390,Dessert
693,Owner,Big think myself decide station campaign.,26.42,https://picsum.photos/709/845,Dessert
694,Cultural,Not federal around soon.,23.43,https://picsum.photos/609/723,Pasta
695,Level,Four participant including bank vote will figure.,44.64,https://dummyimage.com/826x364,Burger
696,Whether,Become goal even shake.,6.81,https://placekitten.com/166/250,Sushi
697,Choice,Fire method research material.,21.1,https://placekitten.com/385/604,Pizza
698,Article,Low model wall effect author project.,43.19,https://dummyimage.com/1000x203,Sushi
699,Better,Must nor start population thing message bag.,12.32,https://placekitten.com/168/697,Pasta
700,East,Clear knowledge from.,5.91,https://picsum.photos/291/13,Sushi
701,Detail,Anything perform perhaps pick decision.,5.14,https://dummyimage.com/689x137,Dessert
702,Baby,These find simple time your.,19.15,https://dummyimage.com/964x646,Pizza
703,Challenge,Serve see make million though.,42.01,https://placekitten.com/880/888,Pasta
704,Mr,Like smile must practice worker market.,43.86,https://placekitten.com/397/700,Salad
705,Wear,Enter spring with.,40.65,https://dummyimage.com/579x903,Salad
706,Environmental,Own woman modern remain course.,17.61,https://dummyimage.com/233x451,Burger
707,Art,Dream quickly care a land chance property myself.,19.94,https://dummyimage.com/643x12,Sushi
708,Create,Act report foreign option return court.,12.82,https://dummyimage.com/544x1009,Sushi
709,Mind,Answer model his laugh pay around hit.,49.8,https://placekitten.com/462/115,Sushi
710,In,Election citizen generation score material make.,49.08,https://picsum.photos/29/851,Burger
711,Onto,Time total full question financial be total.,45.59,https://dummyimage.com/883x561,Pasta
712,Budget,Into claim certain degree century bit onto.,24.64,https://placekitten.com/109/789,Burger
713,Middle,No vote range.,24.51,https://picsum.photos/1021/880,Dessert
714,Federal,Truth special you politics.,19.3,https://dummyimage.com/445x618,Pasta
715,Tough,Performance nature plan operation size oil note to.,17.13,https://picsum.photos/887/194,Sushi
716,In,Easy range thing strategy.,22.68,https://placekitten.com/933/920,Salad
717,Available,Along world deal lose.,30,https://placekitten.com/178/98,Pizza
718,Tell,Range quite visit as adult.,47.06,https://dummyimage.com/294x651,Salad
719,College,Back director consider energy.,14.87,https://placekitten.com/300/441,Burger
720,Trip,Could maybe customer painting international.,26.26,https://picsum.photos/456/931,Burger
721,Fear,Discuss kid safe along trip language.,11.17,https://placekitten.com/991/157,Salad
722,Director,Able grow base from night.,39.47,https://picsum.photos/783/319,Sushi
723,North,Maintain job head seat visit trade especially.,37.26,https://picsum.photos/7/910,Pasta
724,Anything,Week finally ability beautiful benefit daughter.,28.59,https://placekitten.com/618/600,Dessert
725,Agreement,Seat put with cup phone.,7.68,https://placekitten.com/163/225,Salad
726,Rate,From continue about month major too couple ten.,31.83,https://picsum.photos/605/354,Pizza
727,Teacher,Century leg must main friend future.,23.02,https://placekitten.com/363/837,Sushi
728,Leader,Weight who develop too there still.,42.3,https://placekitten.com/267/130,Salad
729,Drive,Course yeah value story.,18.11,https://dummyimage.com/506x117,Burger
730,Generation,Reality risk quality listen movement particularly arrive strong.,49.93,https://picsum.photos/182/638,Sushi
731,Or,Hope letter accept see second woman me.,14.65,https://picsum.photos/913/894,Pasta
732,Investment,Above condition news eight together east father.,42.21,https://dummyimage.com/36x351,Pasta
733,Very,Think hotel to politics.,16.2,https://dummyimage.com/231x745,Burger
734,Right,People ahead show help.,15.25,https://picsum.photos/764/856,Salad
735,Adult,Professional wish very people enough special manager look.,49.75,https://dummyimage.com/988x582,Sushi
736,Public,Radio where upon movement majority face.,40.5,https://placekitten.com/12/21,Pasta
737,Amount,Test art company wear.,32.64,https://dummyimage.com/737x729,Dessert
738,Well,Artist way capital return although.,17.8,https://dummyimage.com/844x957,Salad
739,Particular,Evening line second ready some TV space.,48.96,https://picsum.photos/896/119,Sushi
740,Letter,Certainly decide sea finish.,42.99,https://placekitten.com/883/511,Sushi
741,Those,Senior ever prove area amount.,29.41,https://dummyimage.com/765x873,Burger
742,Movement,Manage discussion many several dog agency oil.,44.62,https://dummyimage.com/200x521,Dessert
743,Knowledge,Building cultural animal available media past during.,18.81,https://dummyimage.com/686x938,Burger
744,Scene,Put second themselves compare most.,18.29,https://dummyimage.com/140x653,Salad
745,Not,Really community eat quite raise own.,27.84,https://picsum.photos/156/162,Salad
746,Guess,Together citizen good ready score skin.,7.71,https://picsum.photos/272/259,Dessert
747,Thought,Carry save marriage against term both.,22.34,https://dummyimage.com/589x101,Salad
748,Personal,Task either little national create appear.,43.88,https://placekitten.com/321/615,Sushi
749,No,Still Democrat fish area yourself.,49.47,https://dummyimage.com/967x236,Pasta
750,Remain,Budget land property.,37.54,https://placekitten.com/79/586,Salad
751,Begin,Tend drop argue health win.,34.06,https://dummyimage.com/515x29,Pizza
752,Control,Two town music thought door.,7.3,https://picsum.photos/790/81,Pizza
753,Miss,Line control wind determine study western.,43.93,https://placekitten.com/454/1024,Dessert
754,Store,Cost difference indeed include her sure resource.,28.12,https://picsum.photos/514/576,Sushi
755,Contain,On stand contain weight.,15.01,https://picsum.photos/929/772,Dessert
756,His,Mouth star deal plan gun nation.,29.55,https://placekitten.com/615/295,Pizza
757,Worker,Around remember science soldier raise need director.,12.24,https://picsum.photos/511/965,Salad
758,Guess,Difficult other own discussion meet visit consider simple.,20.89,https://dummyimage.com/335x518,Pasta
759,Cover,National top lose care do fine.,19.71,https://placekitten.com/13/223,Burger
760,Piece,South find service.,19.3,https://picsum.photos/950/1007,Dessert
761,Note,Night research ready subject.,22.21,https://dummyimage.com/412x237,Pasta
762,Between,Cause decision dark writer worker southern professional off.,39.45,https://placekitten.com/747/91,Burger
763,Against,About black kind fast support bag reduce law.,10.86,https://dummyimage.com/627x393,Sushi
764,Chance,Become dark determine record shake.,20.48,https://placekitten.com/998/515,Salad
765,Able,Factor institution success need them speak require.,31.89,https://placekitten.com/187/1017,Burger
766,Star,Physical professor worry if onto just TV.,20.71,https://dummyimage.com/788x273,Salad
767,Wall,Central shake rest.,49.85,https://picsum.photos/692/902,Pizza
768,Difference,Between not from stuff.,48.9,https://picsum.photos/796/210,Dessert
769,Unit,Difficult brother attack power turn.,22.27,https://dummyimage.com/338x757,Dessert
770,Pressure,Herself girl game Democrat marriage early.,48.11,https://picsum.photos/120/776,Pizza
771,Set,Want trip whole assume consider.,18.87,https://placekitten.com/21/678,Pizza
772,South,Fund item force picture PM herself.,45.4,https://picsum.photos/51/648,Burger
773,No,Yes way soldier experience heavy decision coach similar.,8.69,https://placekitten.com/461/976,Burger
774,Bring,Affect tax rock others often hospital.,34.24,https://dummyimage.com/108x420,Salad
775,Reveal,Hundred receive tell information decision bank.,9.32,https://picsum.photos/874/31,Sushi
776,Song,Hotel meeting boy within.,16.1,https://placekitten.com/886/792,Pasta
777,Sure,Pm cold sound meet certain perhaps.,9.02,https://placekitten.com/151/26,Pasta
778,Energy,Blood this fall people test manager recognize.,5.5,https://dummyimage.com/25x270,Dessert
779,Nothing,Clearly often area military.,38.63,https://dummyimage.com/186x23,Pizza
780,Recently,Store charge per strategy question stand side.,24.48,https://dummyimage.com/862x210,Burger
781,It,Pay authority camera positive current.,28.08,https://picsum.photos/976/152,Pasta
782,Will,Challenge perhaps yes group news.,34.33,https://placekitten.com/101/696,Pasta
783,Outside,And daughter hair decision focus.,42.1,https://picsum.photos/854/674,Burger
784,Require,Phone position thank bit.,5.81,https://picsum.photos/328/142,Pasta
785,Interesting,Hospital street hope least start build.,47.33,https://dummyimage.com/293x648,Pasta
786,Serve,Technology night easy third.,10.97,https://dummyimage.com/813x1001,Salad
787,Relationship,Occur record century indeed tell.,47.95,https://dummyimage.com/124x963,Pizza
788,Development,Suggest science lead between believe by.,14.75,https://picsum.photos/909/731,Sushi
789,Design,Go pattern sound east million take.,21.19,https://picsum.photos/591/427,Pizza
790,Election,Challenge radio cover write.,14.66,https://dummyimage.com/349x399,Sushi
791,Per,Spring manage law conference stand ten material.,40.11,https://picsum.photos/631/409,Salad
792,Seven,Piece camera never I expert adult simple.,46.22,https://placekitten.com/982/161,Pizza
793,Wind,Future red model team.,36.61,https://dummyimage.com/999x300,Burger
794,Suggest,Strong imagine Mrs scene interview.,30.2,https://picsum.photos/860/435,Burger
795,Wonder,Picture for run down adult Democrat toward itself.,25.5,https://placekitten.com/731/176,Burger
796,Summer,Center blue Republican relationship according.,20.07,https://placekitten.com/812/474,Salad
797,Hundred,Able both talk language trouble.,48.97,https://dummyimage.com/1001x129,Pasta
798,Artist,Finally human door enough within nation art worker.,45.97,https://placekitten.com/676/703,Sushi
799,Measure,Allow yeah each.,18.59,https://dummyimage.com/696x240,Dessert
800,Stuff,Skin since short country.,44.98,https://dummyimage.com/590x1003,Sushi
801,Deal,Sing hand record operation material.,9.59,https://dummyimage.com/713x970,Salad
802,College,No actually blood candidate happy.,49.68,https://placekitten.com/326/128,Sushi
803,Add,Window director him give space fund college.,44.04,https://picsum.photos/28/1002,Pasta
804,Risk,Trouble tough officer most on address.,29.48,https://dummyimage.com/228x856,Burger
805,Nor,Cultural actually room color increase keep.,49.39,https://placekitten.com/664/744,Pizza
806,Walk,Spring increase ahead.,20.33,https://picsum.photos/105/71,Burger
807,Where,Wife article hundred police simple.,5.47,https://picsum.photos/371/172,Burger
808,Law,Test send them table.,19.57,https://dummyimage.com/293x819,Dessert
809,Draw,Thought weight foot we pass.,40.81,https://picsum.photos/173/841,Pizza
810,Second,Exist seat trouble.,26.79,https://picsum.photos/389/990,Pasta
811,Concern,Response relationship impact who international.,5.04,https://dummyimage.com/787x939,Sushi
812,Put,Staff especially another attorney.,36.25,https://picsum.photos/322/302,Burger
813,Sport,Process one music group decade usually strategy medical.,32.08,https://placekitten.com/93/342,Pasta
814,Sell,Eye seek accept whatever enough truth.,42.89,https://picsum.photos/493/880,Burger
815,Through,Seven sing large over measure reduce majority.,46.71,https://placekitten.com/450/764,Salad
816,Mr,Back put glass design clear.,13.34,https://dummyimage.com/901x238,Dessert
817,Skin,Surface guy day newspaper drop.,14.79,https://placekitten.com/632/405,Salad
818,Everything,Professor protect son.,6.25,https://picsum.photos/1015/851,Sushi
819,Some,Rest collection prove against if often rise speak.,43.27,https://picsum.photos/1023/806,Burger
820,Understand,Try trip agreement.,27.61,https://picsum.photos/493/162,Pasta
821,Between,Else management without provide development them artist.,32.19,https://placekitten.com/437/892,Pasta
822,Same,Research but security hit anything structure real.,8.06,https://placekitten.com/334/247,Sushi
823,Specific,City occur thing character ball season partner.,18.28,https://placekitten.com/950/153,Burger
824,Anyone,May mother student spend similar theory.,17.64,https://picsum.photos/22/765,Pizza
825,Edge,Work ten really sign grow.,20.52,https://picsum.photos/189/861,Dessert
826,Someone,Much education pull tonight common.,29.76,https://placekitten.com/97/253,Dessert
827,Drug,Treatment teacher mouth act away position its herself.,6.12,https://placekitten.com/85/756,Dessert
828,Oil,Of beyond cover fact move responsibility material.,49.86,https://placekitten.com/341/719,Pizza
829,Response,Admit start town miss control.,9.66,https://placekitten.com/108/731,Pizza
830,Mouth,Any ever partner trip company.,14.35,https://placekitten.com/214/143,Pasta
831,Song,Soldier likely conference hit relationship film any.,31.28,https://placekitten.com/158/472,Salad
832,Improve,Yard sea but myself already.,28.49,https://placekitten.com/254/942,Pizza
833,Good,Various direction southern yard morning ask call.,19.2,https://dummyimage.com/233x637,Pizza
834,Fish,Small form truth war lead their laugh.,21.11,https://placekitten.com/550/940,Pasta
835,Know,Ability next to tough fear.,48.4,https://picsum.photos/679/843,Dessert
836,North,That plant chance town office church including.,10.04,https://dummyimage.com/652x244,Sushi
837,Will,Eye produce attorney summer whose.,8.85,https://placekitten.com/268/753,Salad
838,Set,Guess thought sense organization history marriage world.,40.11,https://picsum.photos/644/422,Dessert
839,Result,Ready both put.,35.83,https://picsum.photos/837/956,Pizza
840,Resource,People create each school score.,28.9,https://picsum.photos/852/427,Dessert
841,Assume,Feel think collection fund thank during.,22.63,https://picsum.photos/945/301,Dessert
842,Finally,Stage serious better if.,47.09,https://picsum.photos/442/27,Pizza
843,Newspaper,Also soldier or either.,39.57,https://dummyimage.com/532x453,Salad
844,Small,Increase ready cause leave.,32,https://dummyimage.com/844x469,Sushi
845,Property,Soon site investment.,30.18,https://placekitten.com/130/1024,Dessert
846,Operation,Space hair above role now company.,39.04,https://placekitten.com/330/220,Pasta
847,Source,Company bill talk you.,5.26,https://placekitten.com/459/309,Dessert
848,Opportunity,Strategy fine gun style range finish American.,30.67,https://placekitten.com/991/725,Burger
849,Wonder,Ask address response score radio.,48.58,https://placekitten.com/713/597,Burger
850,Drop,Growth down standard accept idea medical.,9.82,https://picsum.photos/719/452,Sushi
851,Half,Despite attention line mouth walk.,34.33,https://picsum.photos/885/952,Burger
852,May,Office for lay power better marriage per.,20.65,https://placekitten.com/530/682,Salad
853,Three,Tonight night huge democratic.,45.03,https://placekitten.com/864/751,Dessert
854,Third,Network go well responsibility.,29.3,https://placekitten.com/963/801,Sushi
855,Once,We action friend former great although bed number.,25.47,https://picsum.photos/173/604,Burger
856,As,Billion many will.,6.82,https://picsum.photos/585/20,Pizza
857,Effect,Weight family wait share teach.,38.28,https://picsum.photos/116/1005,Salad
858,Culture,Adult experience south purpose street.,12.51,https://placekitten.com/252/469,Dessert
859,New,Treat TV develop instead.,6.16,https://placekitten.com/431/591,Pasta
860,However,Beautiful scientist general would right seek.,29.61,https://picsum.photos/105/706,Burger
861,Carry,Term threat eye seem apply play.,26.34,https://dummyimage.com/163x961,Pasta
862,Upon,Fight turn five answer kitchen music hotel.,30.1,https://placekitten.com/221/1012,Pizza
863,Too,White between though child draw.,10.34,https://picsum.photos/693/337,Dessert
864,Sit,In point himself three.,6.04,https://dummyimage.com/194x899,Pasta
865,Teach,Appear power notice development member drop community.,26.32,https://placekitten.com/996/996,Pizza
866,Small,Which believe eye radio.,42.99,https://dummyimage.com/289x21,Pizza
867,Agency,Game lead section wear call.,36.19,https://picsum.photos/505/850,Pizza
868,While,Pull space effect report teacher lay yes.,12.72,https://dummyimage.com/299x894,Dessert
869,Ok,Chair guy hit hot pay three model.,43.12,https://picsum.photos/812/84,Pasta
870,Quality,Town hold life ground ready born.,13.68,https://placekitten.com/723/987,Pizza
871,Visit,Likely up factor wish.,6.72,https://dummyimage.com/494x573,Salad
872,Summer,Audience yet possible sister good reveal hair remain.,23.66,https://placekitten.com/35/943,Sushi
873,Either,Reach meet issue seek much past certainly describe.,36.61,https://placekitten.com/360/717,Burger
874,Finally,Chance close last commercial shoulder point almost step.,12.19,https://placekitten.com/415/378,Pizza
875,Play,Ten likely page ball.,22.5,https://picsum.photos/592/502,Burger
876,Send,Audience film art huge receive generation.,48.67,https://picsum.photos/826/939,Burger
877,Table,Wife chair window focus partner its.,15.79,https://dummyimage.com/598x386,Burger
878,Ahead,Task will their and.,19.58,https://placekitten.com/856/603,Pizza
879,Child,Also boy somebody east.,21.14,https://placekitten.com/335/431,Sushi
880,For,Surface job number once rather.,13.38,https://placekitten.com/332/593,Pasta
881,Treat,Medical room back.,12.98,https://picsum.photos/699/28,Pizza
882,Reflect,Medical can long mention manage practice.,9.8,https://dummyimage.com/67x407,Pasta
883,Represent,Ability report education entire just.,9.34,https://dummyimage.com/667x669,Sushi
884,Artist,Green space even.,13,https://placekitten.com/69/598,Sushi
885,Discuss,Owner nearly must professor talk brother why field.,43.82,https://dummyimage.com/135x36,Pasta
886,Certainly,At partner plan TV stand wide.,48.12,https://dummyimage.com/122x81,Dessert
887,Way,Speech call bank might.,37.82,https://picsum.photos/819/891,Dessert
888,Prepare,Sometimes science set down second leader.,23.42,https://picsum.photos/183/442,Salad
889,Collection,While truth eat professor none at carry.,24.41,https://placekitten.com/329/915,Burger
890,Remember,Threat there perform will.,16.93,https://picsum.photos/697/453,Salad
891,Perhaps,Design final development leave add.,14.18,https://picsum.photos/429/355,Pasta
892,Put,Film threat join leg environmental hospital tell.,13.41,https://placekitten.com/644/269,Sushi
893,White,Piece current your those.,19.03,https://placekitten.com/248/471,Sushi
894,Population,Me week whose method window.,5.59,https://picsum.photos/879/621,Sushi
895,Nation,End list behavior purpose section total break range.,23.86,https://picsum.photos/688/751,Dessert
896,Manager,Ten life against task vote song important sea.,34.44,https://picsum.photos/785/306,Dessert
897,Four,Position his into allow own entire across expect.,41.59,https://dummyimage.com/425x678,Dessert
898,Himself,Main protect bill gas list yet sense.,41,https://picsum.photos/976/689,Salad
899,Entire,Cultural indeed education begin also relationship relationship.,27.2,https://dummyimage.com/713x736,Sushi
900,Seek,Along clear old purpose case glass.,30.22,https://placekitten.com/964/466,Burger
